{
  "backend/main.mo": "Empty Motoko actor with no backend logic.",
  "feature_evidence.json": "Feature evidence report mapping implemented features to source files and components.",
  "frontend-file-summaries.txt": "Text file summarizing the purpose of each frontend source file.",
  "frontend/index.css": "Empty stylesheet placeholder.",
  "frontend/index.html": "HTML entry point loading the React app via main.tsx.",
  "frontend/src/App.tsx": "Main React component providing input, validation, thumbnail fetching, and UI layout.",
  "frontend/src/components/DisclaimerNote.tsx": "Small informational component explaining how thumbnails are fetched.",
  "frontend/src/components/ThumbnailResults.tsx": "Displays generated thumbnail variants for a given video ID.",
  "frontend/src/components/ThumbnailVariantCard.tsx": "Renders an individual thumbnail card with preview, availability handling, and actions.",
  "frontend/src/hooks/useActor.ts": "Hook creating and managing authenticated or anonymous backend actors.",
  "frontend/src/hooks/useInternetIdentity.ts": "Internet Identity authentication provider and hooks for managing user identity state.",
  "frontend/src/hooks/useQueries.ts": "Placeholder file for query hooks; no logic included.",
  "frontend/src/index.css": "Configures Tailwind layers and defines light/dark CSS variables for a warm amber theme.",
  "frontend/src/lib/downloadImage.ts": "Provides a function to fetch an image, convert it to a blob, and trigger a local download with fallback behavior.",
  "frontend/src/lib/youtubeParsing.ts": "Parses various YouTube URL formats or raw IDs to extract a valid 11‑character video ID.",
  "frontend/src/lib/youtubeThumbnails.ts": "Generates standard YouTube thumbnail URLs for a video ID with labels and resolutions.",
  "frontend/src/main.tsx": "Bootstraps the React app with React Query and Internet Identity providers.",
  "frontend/tailwind.config.js": "Configures Tailwind with theme extensions, color variables, animations, plugins, and container settings.",
  "project_state.json": "Describes the project state and requirements for building a YouTube thumbnail grabber site."
}