{
  "kind": "build_request",
  "title": "YouTube Thumbnail Grabber website (similar to youtube-thumbnail-grabber.com)",
  "priority": "normal",
  "requirements": [
    {
      "id": "REQ-1",
      "text": "Create a single-page YouTube Thumbnail Grabber UI that matches the core feature set of youtube-thumbnail-grabber.com: a text input for a YouTube video URL/ID, a primary “Get Thumbnails” action, and a results section.",
      "target": "frontend",
      "source": {
        "messageIds": [
          "msg-2"
        ],
        "quotes": [
          "https://youtube-thumbnail-grabber.com/ same toyou fewcher wali websites crite this"
        ]
      },
      "acceptanceCriteria": [
        "User can enter a YouTube URL or a raw YouTube video ID.",
        "Clicking “Get Thumbnails” renders a results section without page reload.",
        "The app is usable on mobile and desktop."
      ]
    },
    {
      "id": "REQ-2",
      "text": "Implement robust client-side parsing/validation of YouTube links to extract the video ID (support common formats like youtu.be/<id>, youtube.com/watch?v=<id>, youtube.com/shorts/<id>, youtube.com/embed/<id>) and show clear English error messaging for invalid input.",
      "target": "frontend",
      "source": {
        "messageIds": [
          "msg-2"
        ],
        "quotes": [
          "same toyou fewcher wali websites crite this"
        ]
      },
      "acceptanceCriteria": [
        "When an invalid URL/ID is entered, an inline error is shown in English and no thumbnails are displayed.",
        "When a valid URL/ID is entered, the extracted video ID is displayed or otherwise clearly implied by the rendered thumbnails.",
        "Whitespace around input is ignored."
      ]
    },
    {
      "id": "REQ-3",
      "text": "Generate and display the standard YouTube thumbnail variants for the extracted video ID, using direct i.ytimg.com thumbnail URLs, and show each variant in a card with: preview image, resolution/label, an “Open” action, a “Copy Link” action, and a “Download” action that saves the image file locally.",
      "target": "frontend",
      "source": {
        "messageIds": [
          "msg-2"
        ],
        "quotes": [
          "https://youtube-thumbnail-grabber.com/"
        ]
      },
      "acceptanceCriteria": [
        "At minimum, the UI attempts these common variants: maxresdefault, sddefault, hqdefault, mqdefault, default (and/or numbered variants like 0/1/2/3 if included by the chosen implementation).",
        "Each variant has working Open (new tab), Copy Link (clipboard), and Download actions.",
        "Download uses a sensible filename including video ID and variant label (e.g., <videoId>-maxresdefault.jpg)."
      ]
    },
    {
      "id": "REQ-4",
      "text": "Handle missing/unavailable thumbnail variants gracefully by detecting failed image loads and marking the variant as unavailable (without breaking the rest of the results).",
      "target": "frontend",
      "source": {
        "messageIds": [
          "msg-2"
        ],
        "quotes": [
          "same toyou fewcher wali websites crite this"
        ]
      },
      "acceptanceCriteria": [
        "If a variant 404s/fails to load, the card indicates “Unavailable” (English) and disables Download/Open for that variant.",
        "Available variants still render and remain fully functional."
      ]
    },
    {
      "id": "REQ-5",
      "text": "Add convenience actions similar to common thumbnail-grabber sites: “Copy Video ID” and “Reset/Clear” controls, plus a small note/disclaimer in English that thumbnails are fetched from YouTube’s public image endpoints (no login required).",
      "target": "frontend",
      "source": {
        "messageIds": [
          "msg-2"
        ],
        "quotes": [
          "same toyou fewcher wali websites crite this"
        ]
      },
      "acceptanceCriteria": [
        "“Copy Video ID” copies the extracted ID to the clipboard and shows a brief confirmation state.",
        "“Clear” resets input, errors, and results to the initial state.",
        "A short English informational note/disclaimer is visible on the page."
      ]
    },
    {
      "id": "REQ-6",
      "text": "Apply a coherent, distinct visual theme (not blue/purple) and consistent layout system across the app (typography, spacing, buttons, cards, and input states), suitable for a simple utility tool.",
      "target": "frontend",
      "source": {
        "messageIds": [
          "msg-2"
        ]
      },
      "acceptanceCriteria": [
        "UI uses a consistent color palette and typography across all components.",
        "Buttons/inputs have clear hover/focus/disabled states.",
        "Theme is applied consistently on mobile and desktop."
      ]
    },
    {
      "id": "REQ-7",
      "text": "Add a generated static hero illustration image and render it in the UI (served from frontend/public/assets/generated) as part of the page header/hero area.",
      "target": "frontend",
      "source": {
        "messageIds": [
          "msg-2"
        ]
      },
      "acceptanceCriteria": [
        "The specified generated image exists at frontend/public/assets/generated and is referenced directly from the frontend (no backend image routing).",
        "The hero illustration renders crisply at common viewport sizes and does not cause layout shift."
      ]
    }
  ],
  "constraints": [
    "Do not modify files under frontend/src/components/ui (compose them instead).",
    "Do not modify files under frontend/src/hooks/useInternetIdentity.ts / .tsx, frontend/src/hooks/useActor.ts, or frontend/src/main.tsx.",
    "Do not require any external databases or third-party authentication providers; only Internet Identity is allowed (and is not required for this app)."
  ],
  "nonGoals": [
    "Do not implement YouTube Data API integration or any API key setup.",
    "Do not implement downloading YouTube videos or audio—only fetching thumbnail images by URL.",
    "Do not add user accounts, profiles, or saved history unless explicitly requested later.",
    "Do not add real-time features (websockets/chat/notifications)."
  ],
  "imageRequirements": {
    "required": [
      "Flat vector hero illustration of a video thumbnail frame with a download arrow and subtle decorative shapes (yt-thumb-hero.dim_1200x400.png)"
    ],
    "edits": []
  }
}