{
  "kind": "coverage_report",
  "version": "1.0",
  "generatedAt": "2026-02-07T17:13:59.904Z",
  "sources": {
    "buildRequest": true,
    "implementationPlan": true
  },
  "requirements": {
    "total": 7,
    "implemented": 7,
    "items": [
      {
        "id": "REQ-1",
        "summary": "Create a single-page YouTube Thumbnail Grabber UI that matches the core feature set of youtube-thumbnail-grabber.com: a text input for a YouTube video URL/ID, a primary “Get Thumbnails” action, and a results section.",
        "status": "implemented",
        "plannedFiles": [
          "frontend/src/App.tsx",
          "frontend/src/components/ThumbnailResults.tsx",
          "frontend/src/index.css"
        ],
        "matchedFiles": [
          "frontend/src/App.tsx",
          "frontend/src/components/ThumbnailResults.tsx",
          "frontend/src/index.css"
        ]
      },
      {
        "id": "REQ-2",
        "summary": "Implement robust client-side parsing/validation of YouTube links to extract the video ID (support common formats like youtu.be/<id>, youtube.com/watch?v=<id>, youtube.com/shorts/<id>, youtube.com/embed/<id>) and show clear English error messaging for invalid input.",
        "status": "implemented",
        "plannedFiles": [
          "frontend/src/lib/youtubeParsing.ts",
          "frontend/src/App.tsx"
        ],
        "matchedFiles": [
          "frontend/src/lib/youtubeParsing.ts",
          "frontend/src/App.tsx"
        ]
      },
      {
        "id": "REQ-3",
        "summary": "Generate and display the standard YouTube thumbnail variants for the extracted video ID, using direct i.ytimg.com thumbnail URLs, and show each variant in a card with: preview image, resolution/label, an “Open” action, a “Copy Link” action, and a “Download” action that saves the image file locally.",
        "status": "implemented",
        "plannedFiles": [
          "frontend/src/lib/youtubeThumbnails.ts",
          "frontend/src/lib/downloadImage.ts",
          "frontend/src/components/ThumbnailVariantCard.tsx",
          "frontend/src/components/ThumbnailResults.tsx"
        ],
        "matchedFiles": [
          "frontend/src/lib/youtubeThumbnails.ts",
          "frontend/src/lib/downloadImage.ts",
          "frontend/src/components/ThumbnailVariantCard.tsx",
          "frontend/src/components/ThumbnailResults.tsx"
        ]
      },
      {
        "id": "REQ-4",
        "summary": "Handle missing/unavailable thumbnail variants gracefully by detecting failed image loads and marking the variant as unavailable (without breaking the rest of the results).",
        "status": "implemented",
        "plannedFiles": [
          "frontend/src/components/ThumbnailVariantCard.tsx",
          "frontend/src/components/ThumbnailResults.tsx"
        ],
        "matchedFiles": [
          "frontend/src/components/ThumbnailVariantCard.tsx",
          "frontend/src/components/ThumbnailResults.tsx"
        ]
      },
      {
        "id": "REQ-5",
        "summary": "Add convenience actions similar to common thumbnail-grabber sites: “Copy Video ID” and “Reset/Clear” controls, plus a small note/disclaimer in English that thumbnails are fetched from YouTube’s public image endpoints (no login required).",
        "status": "implemented",
        "plannedFiles": [
          "frontend/src/App.tsx",
          "frontend/src/components/DisclaimerNote.tsx"
        ],
        "matchedFiles": [
          "frontend/src/App.tsx",
          "frontend/src/components/DisclaimerNote.tsx"
        ]
      },
      {
        "id": "REQ-6",
        "summary": "Apply a coherent, distinct visual theme (not blue/purple) and consistent layout system across the app (typography, spacing, buttons, cards, and input states), suitable for a simple utility tool.",
        "status": "implemented",
        "plannedFiles": [
          "frontend/index.css",
          "frontend/src/App.tsx"
        ],
        "matchedFiles": [
          "frontend/index.css",
          "frontend/src/App.tsx"
        ]
      },
      {
        "id": "REQ-7",
        "summary": "Add a generated static hero illustration image and render it in the UI (served from frontend/public/assets/generated) as part of the page header/hero area.",
        "status": "implemented",
        "plannedFiles": [
          "frontend/public/assets/generated/yt-thumb-hero.dim_1200x400.png",
          "frontend/src/App.tsx"
        ],
        "matchedFiles": [
          "frontend/public/assets/generated/yt-thumb-hero.dim_1200x400.png",
          "frontend/src/App.tsx"
        ]
      }
    ]
  },
  "changedFiles": [
    "backend/main.mo",
    "build-request.json",
    "build-template/Dockerfile",
    "build-template/LICENSE",
    "build-template/README.md",
    "build-template/deploy.sh",
    "build-template/icp.yaml",
    "build-template/package.json",
    "build-template/pnpm-lock.yaml",
    "build-template/pnpm-workspace.yaml",
    "build-template/scripts/prune-unused-images.js",
    "build-template/scripts/resize-images.js",
    "build-template/src/backend/canister.yaml",
    "build-template/src/backend/system-idl/aaaaa-aa.did",
    "build-template/src/frontend/canister.yaml",
    "build-template/src/frontend/components.json",
    "build-template/src/frontend/env.json",
    "build-template/src/frontend/eslint-rules/no-bigint-in-query-keys.js",
    "build-template/src/frontend/eslint-rules/require-internet-identity-provider.js",
    "build-template/src/frontend/eslint.config.js",
    "build-template/src/frontend/package.json",
    "build-template/src/frontend/postcss.config.js",
    "build-template/src/frontend/src/components/ui/accordion.tsx",
    "build-template/src/frontend/src/components/ui/alert-dialog.tsx",
    "build-template/src/frontend/src/components/ui/alert.tsx",
    "build-template/src/frontend/src/components/ui/aspect-ratio.tsx",
    "build-template/src/frontend/src/components/ui/avatar.tsx",
    "build-template/src/frontend/src/components/ui/badge.tsx",
    "build-template/src/frontend/src/components/ui/breadcrumb.tsx",
    "build-template/src/frontend/src/components/ui/button.tsx",
    "build-template/src/frontend/src/components/ui/calendar.tsx",
    "build-template/src/frontend/src/components/ui/card.tsx",
    "build-template/src/frontend/src/components/ui/carousel.tsx",
    "build-template/src/frontend/src/components/ui/chart.tsx",
    "build-template/src/frontend/src/components/ui/checkbox.tsx",
    "build-template/src/frontend/src/components/ui/collapsible.tsx",
    "build-template/src/frontend/src/components/ui/command.tsx",
    "build-template/src/frontend/src/components/ui/context-menu.tsx",
    "build-template/src/frontend/src/components/ui/dialog.tsx",
    "build-template/src/frontend/src/components/ui/drawer.tsx",
    "build-template/src/frontend/src/components/ui/dropdown-menu.tsx",
    "build-template/src/frontend/src/components/ui/form.tsx",
    "build-template/src/frontend/src/components/ui/hover-card.tsx",
    "build-template/src/frontend/src/components/ui/input-otp.tsx",
    "build-template/src/frontend/src/components/ui/input.tsx",
    "build-template/src/frontend/src/components/ui/label.tsx",
    "build-template/src/frontend/src/components/ui/menubar.tsx",
    "build-template/src/frontend/src/components/ui/navigation-menu.tsx",
    "build-template/src/frontend/src/components/ui/pagination.tsx",
    "build-template/src/frontend/src/components/ui/popover.tsx",
    "build-template/src/frontend/src/components/ui/progress.tsx",
    "build-template/src/frontend/src/components/ui/radio-group.tsx",
    "build-template/src/frontend/src/components/ui/resizable.tsx",
    "build-template/src/frontend/src/components/ui/scroll-area.tsx",
    "build-template/src/frontend/src/components/ui/select.tsx",
    "build-template/src/frontend/src/components/ui/separator.tsx",
    "build-template/src/frontend/src/components/ui/sheet.tsx",
    "build-template/src/frontend/src/components/ui/sidebar.tsx",
    "build-template/src/frontend/src/components/ui/skeleton.tsx",
    "build-template/src/frontend/src/components/ui/slider.tsx",
    "build-template/src/frontend/src/components/ui/sonner.tsx",
    "build-template/src/frontend/src/components/ui/switch.tsx",
    "build-template/src/frontend/src/components/ui/table.tsx",
    "build-template/src/frontend/src/components/ui/tabs.tsx",
    "build-template/src/frontend/src/components/ui/textarea.tsx",
    "build-template/src/frontend/src/components/ui/toggle-group.tsx",
    "build-template/src/frontend/src/components/ui/toggle.tsx",
    "build-template/src/frontend/src/components/ui/tooltip.tsx",
    "build-template/src/frontend/src/hooks/use-mobile.tsx",
    "build-template/src/frontend/src/lib/utils.ts",
    "build-template/src/frontend/tsconfig.json",
    "build-template/src/frontend/vite.config.js",
    "build-template/tsconfig.json",
    "caffeine.lock.json",
    "feature_evidence.json",
    "frontend-file-summaries.txt",
    "frontend-implementation-plan.json",
    "frontend/index.css",
    "frontend/index.html",
    "frontend/public/assets/generated/yt-thumb-hero.dim_1200x400.png",
    "frontend/src/App.tsx",
    "frontend/src/backend.d.ts",
    "frontend/src/backend.ts",
    "frontend/src/components/DisclaimerNote.tsx",
    "frontend/src/components/ThumbnailResults.tsx",
    "frontend/src/components/ThumbnailVariantCard.tsx",
    "frontend/src/config.ts",
    "frontend/src/declarations/backend.did.d.ts",
    "frontend/src/declarations/backend.did.js",
    "frontend/src/hooks/useActor.ts",
    "frontend/src/hooks/useInternetIdentity.ts",
    "frontend/src/hooks/useQueries.ts",
    "frontend/src/index.css",
    "frontend/src/lib/downloadImage.ts",
    "frontend/src/lib/youtubeParsing.ts",
    "frontend/src/lib/youtubeThumbnails.ts",
    "frontend/src/main.tsx",
    "frontend/src/ui-summary.json",
    "frontend/src/utils/StorageClient.ts",
    "frontend/tailwind.config.js",
    "project_state.json",
    "scratch/component-selection.json",
    "spec.md",
    "spec_vs_diff_report.json"
  ]
}