{
  "kind": "implementation_plan",
  "version": "1.0",
  "title": "YouTube Thumbnail Grabber (Single-page utility)",
  "requirements": [
    {
      "id": "REQ-1",
      "summary": "Build a responsive single-page UI with input, primary action, and results section rendered without reload.",
      "acceptanceCriteria": [
        "User can enter a YouTube URL or a raw YouTube video ID.",
        "Clicking “Get Thumbnails” renders a results section without page reload.",
        "The app is usable on mobile and desktop."
      ],
      "file_operations": [
        {
          "path": "frontend/src/App.tsx",
          "operation": "create",
          "description": "Create the single-page layout (header/hero, URL/ID input, “Get Thumbnails” primary action, and results section) with responsive structure. Use shadcn-ui components (e.g., Button/Input/Card) to compose the UI without modifying frontend/src/components/ui; verify the component's usage instructions before implementing."
        },
        {
          "path": "frontend/src/components/ThumbnailResults.tsx",
          "operation": "create",
          "description": "Add a results component that receives the extracted video ID and renders the thumbnail variant cards grid for desktop/mobile layouts; wire it into frontend/src/App.tsx. Use shadcn-ui Card/Button for consistent structure; verify the component's usage instructions before implementing."
        },
        {
          "path": "frontend/src/index.css",
          "operation": "create",
          "description": "Add a CSS entry file imported by frontend/src/main.tsx that pulls in the global Tailwind styles (e.g., by importing the existing frontend/index.css) to ensure styles apply to the single-page UI."
        }
      ]
    },
    {
      "id": "REQ-2",
      "summary": "Implement robust client-side parsing/validation to extract YouTube video ID from common URL formats with clear English inline errors.",
      "acceptanceCriteria": [
        "When an invalid URL/ID is entered, an inline error is shown in English and no thumbnails are displayed.",
        "When a valid URL/ID is entered, the extracted video ID is displayed or otherwise clearly implied by the rendered thumbnails.",
        "Whitespace around input is ignored."
      ],
      "file_operations": [
        {
          "path": "frontend/src/lib/youtubeParsing.ts",
          "operation": "create",
          "description": "Implement client-side utilities to normalize input, trim whitespace, validate candidate IDs, and extract video IDs from youtu.be/<id>, youtube.com/watch?v=<id>, youtube.com/shorts/<id>, and youtube.com/embed/<id> formats."
        },
        {
          "path": "frontend/src/App.tsx",
          "operation": "modify",
          "description": "Wire parsing/validation into the input flow; show an inline English error message state when invalid, and only render results when valid. Use shadcn-ui Input and helper text styling (composition only; do not modify ui components); verify the component's usage instructions before implementing."
        }
      ]
    },
    {
      "id": "REQ-3",
      "summary": "Generate and display standard YouTube thumbnail variants as cards with preview, label, and Open/Copy Link/Download actions.",
      "acceptanceCriteria": [
        "At minimum, the UI attempts these common variants: maxresdefault, sddefault, hqdefault, mqdefault, default (and/or numbered variants like 0/1/2/3 if included by the chosen implementation).",
        "Each variant has working Open (new tab), Copy Link (clipboard), and Download actions.",
        "Download uses a sensible filename including video ID and variant label (e.g., <videoId>-maxresdefault.jpg)."
      ],
      "file_operations": [
        {
          "path": "frontend/src/lib/youtubeThumbnails.ts",
          "operation": "create",
          "description": "Define the standard thumbnail variants list (labels + i.ytimg.com URL templates) and helper functions to build variant URLs for a given video ID."
        },
        {
          "path": "frontend/src/lib/downloadImage.ts",
          "operation": "create",
          "description": "Add a client-side helper to download an image from a URL to a local file with a sensible filename pattern (videoId-variant.jpg), using browser APIs."
        },
        {
          "path": "frontend/src/components/ThumbnailVariantCard.tsx",
          "operation": "create",
          "description": "Create a card UI for a single variant showing image preview, resolution/label, and actions: Open (new tab), Copy Link (clipboard), Download (local save). Use shadcn-ui Card/Button for the card and actions; verify the component's usage instructions before implementing."
        },
        {
          "path": "frontend/src/components/ThumbnailResults.tsx",
          "operation": "modify",
          "description": "Render the set of variants for the current video ID using ThumbnailVariantCard components; ensure each card receives the correct variant label and URL."
        }
      ]
    },
    {
      "id": "REQ-4",
      "summary": "Gracefully handle missing thumbnail variants by detecting image load failures and marking variants as unavailable without breaking other results.",
      "acceptanceCriteria": [
        "If a variant 404s/fails to load, the card indicates “Unavailable” (English) and disables Download/Open for that variant.",
        "Available variants still render and remain fully functional."
      ],
      "file_operations": [
        {
          "path": "frontend/src/components/ThumbnailVariantCard.tsx",
          "operation": "modify",
          "description": "Add image load/error tracking to mark a variant as Unavailable on failure; disable Open/Download actions accordingly while keeping Copy Link behavior consistent with the chosen UX. Use shadcn-ui disabled button states via composition; verify the component's usage instructions before implementing."
        },
        {
          "path": "frontend/src/components/ThumbnailResults.tsx",
          "operation": "modify",
          "description": "Ensure variant availability state is isolated per card so one failing image does not affect rendering/functionality of other variants."
        }
      ]
    },
    {
      "id": "REQ-5",
      "summary": "Add Copy Video ID and Clear controls plus an English disclaimer note about using YouTube public image URLs (no login required).",
      "acceptanceCriteria": [
        "“Copy Video ID” copies the extracted ID to the clipboard and shows a brief confirmation state.",
        "“Clear” resets input, errors, and results to the initial state.",
        "A short English informational note/disclaimer is visible on the page."
      ],
      "file_operations": [
        {
          "path": "frontend/src/App.tsx",
          "operation": "modify",
          "description": "Add “Copy Video ID” and “Clear” controls near the input/results, implement clipboard copy with brief confirmation, and implement full reset of input/error/results state. Use shadcn-ui Button and helper text styles via composition; verify the component's usage instructions before implementing."
        },
        {
          "path": "frontend/src/components/DisclaimerNote.tsx",
          "operation": "create",
          "description": "Create a small English disclaimer/note component stating thumbnails are fetched from YouTube’s public image URLs and no login is required; wire it into the main page in frontend/src/App.tsx. Use shadcn-ui typography/Muted styles via composition; verify the component's usage instructions before implementing."
        }
      ]
    },
    {
      "id": "REQ-6",
      "summary": "Apply a consistent non-blue/non-purple visual theme with cohesive typography, spacing, and component states across the app.",
      "acceptanceCriteria": [
        "UI uses a consistent color palette and typography across all components.",
        "Buttons/inputs have clear hover/focus/disabled states.",
        "Theme is applied consistently on mobile and desktop."
      ],
      "file_operations": [
        {
          "path": "frontend/index.css",
          "operation": "modify",
          "description": "Adjust global CSS variables (Tailwind/shadcn tokens) to a coherent distinct palette that is not blue/purple (e.g., warm orange/amber with neutral slate), and ensure base typography/backgrounds are consistent across the app."
        },
        {
          "path": "frontend/src/App.tsx",
          "operation": "modify",
          "description": "Align spacing/typography/layout patterns (container widths, headings, helper text, cards grid) to consistently reflect the theme and ensure clear hover/focus/disabled states on interactive elements. Use shadcn-ui components for consistent states via composition; verify the component's usage instructions before implementing."
        }
      ]
    },
    {
      "id": "REQ-7",
      "summary": "Add and render the generated static hero illustration in the header/hero area from frontend/public/assets/generated.",
      "acceptanceCriteria": [
        "The specified generated image exists at frontend/public/assets/generated and is referenced directly from the frontend (no backend image routing).",
        "The hero illustration renders crisply at common viewport sizes and does not cause layout shift."
      ],
      "file_operations": [
        {
          "path": "frontend/public/assets/generated/yt-thumb-hero.dim_1200x400.png",
          "operation": "create",
          "description": "Add the generated hero illustration asset exactly at frontend/public/assets/generated/yt-thumb-hero.dim_1200x400.png for direct static serving by the frontend."
        },
        {
          "path": "frontend/src/App.tsx",
          "operation": "modify",
          "description": "Render the hero illustration in the header/hero area using the static asset at frontend/public/assets/generated/yt-thumb-hero.dim_1200x400.png, with explicit sizing/aspect handling to avoid layout shift and to stay crisp across common viewport sizes."
        }
      ]
    }
  ]
}