{
  "kind": "spec_vs_diff_report",
  "version": "1.0",
  "generatedAt": "2026-02-07T17:13:59.901Z",
  "summary": "Most core thumbnail-grabber UI functionality appears implemented (input + validation, thumbnail variant generation via i.ytimg.com, per-variant Open/Copy/Download actions, and graceful handling of unavailable variants), along with a distinct warm theme and a hero image reference. However, the required generated hero image file itself is not evidenced in the diff, and the download filename uses a human-friendly label rather than the explicit variant key (e.g., maxresdefault). The diff also introduces unrequested backend/actor/Internet Identity scaffolding.",
  "missing_requirements": [
    {
      "id": "REQ-7",
      "requirement": "Add a generated static hero illustration image served from frontend/public/assets/generated and reference it directly from the frontend.",
      "reason": "The UI references the hero image path, but the diff summary does not show the required image file being added under frontend/public/assets/generated, so its existence cannot be verified from the provided changes.",
      "evidence": [
        "frontend/src/App.tsx (references /assets/generated/yt-thumb-hero.dim_1200x400.png)"
      ]
    },
    {
      "id": "REQ-3",
      "requirement": "Download uses a sensible filename including video ID and variant label (e.g., <videoId>-maxresdefault.jpg).",
      "reason": "The download filename is constructed from the variant's display label (e.g., 'Maximum Resolution') rather than the standard YouTube variant key like 'maxresdefault', which may not meet the example/intent of using the variant label/key.",
      "evidence": [
        "frontend/src/components/ThumbnailVariantCard.tsx (filename = `${videoId}-${variant.label}.jpg`)",
        "frontend/src/lib/youtubeThumbnails.ts (variant URLs use maxresdefault/sddefault/hqdefault/etc, but labels are 'Maximum Resolution', 'Standard Definition', etc.)"
      ]
    }
  ],
  "hallucinated_features": [
    {
      "description": "Introduced backend canister scaffolding despite the app being specified as a simple client-side utility with no need for backend features.",
      "reason": "The BuildRequest does not request any backend functionality; it focuses on client-side thumbnail URL generation and UI.",
      "evidence": [
        "backend/main.mo"
      ]
    },
    {
      "description": "Added Internet Identity + actor/react-query integration wiring even though authentication is not required for this app.",
      "reason": "BuildRequest explicitly notes Internet Identity is allowed but not required; adding identity/actor/query infrastructure is beyond requested scope.",
      "evidence": [
        "frontend/src/main.tsx (wraps App in QueryClientProvider and InternetIdentityProvider)",
        "frontend/src/hooks/useActor.ts",
        "frontend/src/hooks/useInternetIdentity.ts",
        "frontend/src/hooks/useQueries.ts"
      ]
    }
  ],
  "confidence": 0.62,
  "changed_files": [
    "all_files_summary.json",
    "backend/main.mo",
    "frontend-file-summaries.txt",
    "frontend/index.css",
    "frontend/index.html",
    "frontend/src/App.tsx",
    "frontend/src/components/DisclaimerNote.tsx",
    "frontend/src/components/ThumbnailResults.tsx",
    "frontend/src/components/ThumbnailVariantCard.tsx",
    "frontend/src/hooks/useActor.ts",
    "frontend/src/hooks/useInternetIdentity.ts",
    "frontend/src/hooks/useQueries.ts",
    "frontend/src/index.css",
    "frontend/src/lib/downloadImage.ts",
    "frontend/src/lib/youtubeParsing.ts",
    "frontend/src/lib/youtubeThumbnails.ts",
    "frontend/src/main.tsx",
    "frontend/tailwind.config.js",
    "project_state.json"
  ]
}